-312,21,422
-311,17,44
-311,13,120
-309,10,2
-306,8,78
-307,5,228
-305,5,300
-303,2,100
-300,1,202
-302,1,68
-303,-3,60
-306,-5,30
-309,-5,60
-310,-9,150
-310,-14,400
-305,-14,122
-304,-17,303
-306,-16,304
-308,-15,68
-311,-14,45
-312,-11,40
-314,-8,120
-314,-3,16
-314,1,138
-313,5,86
-315,6,456
-317,3,69
-320,1,108
-325,1,90
-327,1,224
-327,3,154
-332,1,75
-333,1,241
-336,0,200
-337,-2,60
-337,-6,50
-341,-6,60
-341,-9,204
-345,-5,216
-349,-6,20
-352,-7,50
-356,-7,200
-358,-4,8
-361,-3,160
-364,-2,102
-367,0,60
-370,-2,300
-371,1,450
-372,1,403
-370,2,83
-370,6,316
-370,9,32
-368,12,106
-365,14,200
-361,13,300
-368,15,106
-369,19,400
-369,23,60
-370,26,67
-370,29,212
-365,29,400
-373,30,80
-376,32,82
-380,31,0
-384,32,152
-384,28,202
-387,35,26
-388,36,130
-390,39,20
-390,41,12
-393,43,245
-394,47,150
-395,47,310
-396,51,648
-396,55,102
-397,57,138
-399,59,212
-400,63,24
-403,65,210
-402,69,44
-403,72,270
-403,77,102
-406,78,60
-407,80,160
-408,83,40
-408,85,100
-407,87,42
-405,89,320
-405,88,300
-405,87,69
-410,87,237
-412,85,65
-414,83,200
-414,78,2
-414,76,211
-419,78,330
-419,81,170
-419,85,166
-423,86,150
-424,88,141
-425,90,120
-424,94,180
-423,95,140
-423,100,102
-424,103,600
-423,101,120
-425,98,80
-426,96,150
-428,93,100
-429,90,175
-432,88,80
-432,85,110
-434,81,86
-438,83,300
-441,81,200
-443,80,80
-445,79,600
-445,83,95
-445,87,128
-444,90,84
-444,94,85
-442,97,800
-445,97,90
-450,96,203
-455,95,109
-458,93,75
-456,90,200
-458,90,150
-461,92,168
-465,90,60
-468,91,400
-469,93,261
-468,97,800
-470,91,78
-475,91,55
-478,93,200
-480,94,300
-478,97,104
-483,97,650
-484,101,334
-482,100,150
-479,100,120
-474,100,80
-473,99,200
-469,100,34
-469,102,217
-465,103,214
-463,104,160
-463,107,150
-464,111,224
-460,111,346
-466,111,16
-468,113,200
-469,117,64
-471,117,228
-475,116,32
-478,117,132
-482,118,39
-485,116,146
-488,119,200
-488,121,450
-486,123,32
-484,124,30
-481,126,158
-479,127,202
-479,128,200
-478,130,400
-475,131,154
-473,131,162
-470,133,120
-468,131,73
-468,129,192
-468,125,324
-469,121,300
-464,125,80
-457,127,88
-453,127,320
-453,132,80
-452,134,83
-451,136,326
-447,135,400
-455,137,12
-457,140,410
-458,143,192
-453,143,400
-450,142,300
-449,141,818
-448,145,120
-446,147,460
-443,148,224
-440,149,612
-439,146,60
-435,145,52
-431,144,240
-431,143,316
-429,144,64
-428,148,224
-426,147,200
-425,148,612
-425,145,228
-425,141,400
-423,145,216
-422,146,200
-419,143,122
-417,140,212
-415,136,133
-412,134,710
-417,134,55
-418,131,100
-422,131,268
-417,131,115
-415,129,300
-416,125,10
-416,120,300
-420,121,103
-422,119,160
-422,114,400
-421,111,405
-419,112,172
-415,111,200
-414,108,136
-411,107,98
-410,103,28
-408,100,300
-404,99,400
-406,101,162
-406,106,114
-407,108,200
-408,109,600
-412,109,202
-410,111,308
-409,114,56
-409,119,14
-409,122,300
-408,124,10
-408,127,75
-406,130,354
-402,130,14
-398,131,200
-396,128,38
-394,126,640
-395,125,160
-395,121,42
-398,119,409
-397,117,74
-396,115,245
-394,117,343
-390,116,72
-389,116,100
-385,117,115
-382,118,400
-381,119,415
-381,114,116
-380,110,8
-380,105,121
-379,102,224
-374,102,60
-371,104,330
-370,106,160
-367,108,8
-365,110,65
-365,112,316
-363,109,160
-363,107,400
-363,102,20
-363,99,400
-358,102,2
-355,103,32
-351,102,50
-348,104,490
-347,102,400
-343,103,412
-339,102,300
-337,99,60
-336,95,50
-332,95,225
-332,94,124
-329,92,200
-329,89,200
-330,88,208
-331,84,104
-330,80,80
-332,78,410
-327,82,100
-324,84,27
-323,84,200
-322,87,72
-322,90,300
-320,87,35
-316,86,200
-315,87,145
-310,87,50
-306,88,32
-306,89,614
-304,86,80
-304,82,24
-305,80,800
-299,82,32
-298,82,160
-294,81,200
-293,81,450
-294,77,18
-295,73,102
-296,70,200
-296,66,100
-297,65,344
-296,61,200
-294,59,78
-290,57,466
-290,54,204
-294,54,48
-294,56,414
-299,56,17
-301,54,24
-303,52,120
-304,48,77
-306,48,60
-310,48,200
-309,45,38
-309,43,310
-313,44,408
-316,46,226
-312,40,40
-314,37,300
-314,32,60
-315,29,69
-314,25,75
-313,23,72
-312,15,52
-305,13,64
-302,2,150
-295,2,214
-306,-6,78
-311,-7,68
-309,-10,62
-315,-3,24
-339,-6,55
-346,-8,4
-351,-8,12
-356,-2,77
-360,-3,36
-369,11,54
-369,25,8
-376,29,38
-382,29,11
-386,36,130
-388,42,21
-399,63,80
-404,77,68
-415,78,80
-430,79,120
-433,76,118
-443,85,132
-476,88,204
-473,98,90
-476,118,60
-482,115,75
-485,124,24
-481,132,200
-459,125,200
-455,138,40
-438,145,52
-438,141,5
-435,138,225
-433,139,172
-415,131,166
-415,125,26
-424,108,160
-423,110,60
-413,107,155
-409,105,58
-408,119,53
-401,129,57
-397,126,83
-381,108,92
-366,108,40
-362,104,64
-358,103,32
-353,104,38
-321,87,54
-308,83,88
-299,80,96
-294,76,96
-299,57,60
-302,57,88
-307,50,60
-311,39,225
-317,29,225
-318,26,150
-370,24,0
-375,30,0
-388,38,0
-390,40,12
-400,62,68
-436,141,3
-410,119,53
-381,109,0
-315,41,4
-315,30,24
-312,14,38
-311,8,47
-302,-5,26
-303,-11,32
-311,-3,30
-342,1,8
-349,1,89
-352,5,304
-355,4,129
-361,4,8
-367,3,600
-368,11,86
-368,13,12
-373,15,480
-373,19,330
-367,24,94
-373,33,86
-378,35,32
-380,39,90
-385,41,54
-388,44,28
-401,60,116
-407,62,300
-405,82,50
-416,86,154
-423,80,60
-429,79,105
-442,90,60
-449,90,32
-462,90,16
-474,91,45
-481,121,36
-477,130,300
-457,125,62
-451,148,32
-451,153,400
-414,139,126
-414,125,164
-418,102,50
-414,99,31
-404,106,134
-408,116,12
-398,125,24
-392,117,140
-374,119,95
-372,116,120
-372,109,60
-366,103,68
-359,107,100
-354,105,34
-335,99,96
-328,85,281
-328,80,104
-325,76,309
-317,89,100
-312,88,48
-296,77,28
-301,56,31
-306,57,40
-308,62,308
-310,56,304
-309,54,218
-311,14,50
-302,-6,31
-302,-11,80
-310,-1,82
-337,5,144
-344,5,0
-363,4,90
-362,34,300
-377,29,40
-385,35,16
-385,43,150
-412,64,804
-412,65,322
-422,78,128
-422,72,340
-457,95,26
-476,91,72
-482,123,44
-472,128,42
-462,122,160
-453,147,50
-418,101,52
-410,101,80
-403,134,102
-351,107,44
-326,80,45
-313,90,75
-302,56,6
-311,32,100
-311,28,40
-307,55,0
-306,55,2
-306,56,16
-311,53,6
-311,52,30
-311,51,40
-310,55,12
-310,54,3
-313,27,14
-312,10,24
-362,4,2
-367,10,9
-368,10,22
-369,10,5
-367,9,6
-367,14,10
-388,45,0
-389,44,4
-384,42,4
-405,81,30
-462,91,4
-452,130,0
-451,130,6
-452,133,12
-452,148,28
-417,103,3
-413,102,12
-412,102,0
-412,103,6
-408,128,12
-401,128,2
-357,108,58
-333,101,12
-373,9,0
-478,102,8
-470,102,22
-1,80,54
-2,119,60
-2,124,100
-3,11,66
-3,103,50
-3,104,86
-3,157,52
-6,98,54
-7,50,53
-7,100,90
-7,115,60
-8,23,106
-8,27,50
-8,56,56
-8,71,86
-8,101,58
-8,124,60
-8,130,78
-8,161,56
-8,164,90
-9,147,61
-10,127,76
-11,65,56
-11,113,50
-11,115,52
-12,148,56
-14,36,54
-16,137,54
-17,96,61
-17,110,54
-17,125,50
-18,124,72
-18,147,50
-18,161,60
-19,77,52
-19,130,56
-20,29,64
-20,111,75
-20,125,50
-20,160,52
-21,103,56
-22,32,106
-22,41,-51
-23,167,112
-24,25,75
-24,132,76
-25,22,52
-25,107,104
-26,32,52
-26,163,80
-27,29,56
-27,95,76
-27,139,50
-27,155,50
-28,25,52
-28,66,50
-28,136,87
-28,170,52
-29,39,60
-29,60,69
-29,74,60
-29,144,75
-32,128,72
-32,158,54
-33,62,68
-34,29,62
-34,79,56
-34,120,54
-34,162,50
-35,55,60
-35,57,56
-35,155,50
-36,21,61
-36,146,90
-36,153,51
-37,74,50
-37,124,105
-38,49,50
-38,50,50
-38,87,53
-38,118,67
-39,25,51
-40,43,64
-40,88,81
-41,11,75
-41,113,69
-41,130,56
-42,61,60
-42,117,62
-43,71,80
-44,111,50
-44,128,54
-45,32,50
-45,103,50
-46,51,96
-47,107,61
-47,113,70
-47,114,74
-48,56,54
-48,70,78
-49,107,50
-49,147,53
-50,10,56
-50,119,54
-50,129,56
-51,103,66
-52,9,68
-52,130,52
-53,51,90
-53,89,113
-54,76,76
-54,136,100
-55,167,82
-56,153,62
-57,124,60
-58,30,91
-58,98,60
-59,6,100
-59,36,60
-59,53,82
-59,71,52
-59,91,70
-59,144,63
-60,1,63
-60,104,58
-60,160,50
-61,76,50
-61,147,90
-62,91,50
-63,3,56
-63,47,62
-63,91,52
-64,2,100
-64,170,50
-65,68,60
-67,36,60
-67,55,112
-67,75,100
-68,4,50
-68,134,100
-68,148,100
-69,93,116
-70,127,66
-71,102,79
-72,159,50
-73,6,70
-73,9,63
-73,11,90
-73,42,68
-73,108,90
-73,147,92
-74,88,55
-74,101,66
-74,111,100
-74,135,64
-74,143,80
-75,112,55
-76,15,101
-76,84,58
-77,74,56
-77,77,50
-77,88,74
-77,109,75
-78,21,56
-78,95,60
-78,162,100
-79,4,75
-79,118,60
-80,1,66
-80,51,62
-80,77,50
-81,125,64
-81,141,60
-82,47,52
-82,135,75
-83,12,53
-83,46,74
-83,119,56
-83,123,78
-83,124,52
-83,157,94
-84,64,54
-84,91,80
-84,132,100
-84,168,100
-85,7,56
-85,56,54
-85,66,54
-85,78,106
-85,88,111
-85,147,60
-86,119,50
-87,149,109
-87,169,50
-88,152,51
-89,19,100
-89,32,90
-89,43,50
-89,82,72
-90,8,54
-90,63,106
-90,124,68
-91,115,52
-91,131,81
-92,2,51
-92,18,56
-92,28,92
-92,51,66
-92,71,72
-92,123,97
-93,1,60
-93,47,83
-93,74,85
-94,65,80
-94,70,60
-95,14,72
-95,74,50
-95,110,50
-95,118,80
-95,170,66
-96,19,50
-96,130,55
-97,64,60
-97,79,53
-97,84,114
-97,152,60
-98,80,50
-98,102,114
-98,157,75
-100,115,65
-100,166,78
-101,65,88
-101,84,60
-101,167,96
-102,65,52
-102,162,100
-103,28,88
-103,150,58
-104,42,100
-104,125,62
-104,133,67
-104,151,50
-105,45,70
-105,71,109
-105,76,64
-105,113,80
-105,133,56
-105,141,102
-106,103,52
-106,105,83
-107,54,52
-107,70,96
-108,113,58
-109,12,56
-109,41,56
-109,74,84
-109,80,81
-109,99,69
-109,107,66
-109,140,54
-109,153,90
-109,154,80
-110,6,58
-110,113,64
-110,147,50
-111,68,62
-111,102,76
-111,110,94
-112,58,72
-113,57,50
-113,132,56
-113,138,52
-114,22,61
-114,102,52
-114,128,55
-114,148,80
-115,13,86
-115,88,104
-116,13,56
-116,15,50
-116,28,64
-116,59,58
-116,64,115
-116,149,66
-117,75,98
-117,80,91
-117,167,50
-118,21,60
-118,101,50
-118,103,56
-118,120,50
-119,66,50
-119,68,81
-119,70,50
-119,71,86
-119,107,90
-119,158,53
-119,160,60
-120,129,52
-120,161,61
-121,36,72
-121,71,80
-122,29,53
-122,109,56
-122,146,56
-123,13,52
-123,138,50
-123,139,53
-124,48,58
-124,72,60
-124,75,52
-125,16,103
-125,90,84
-125,121,60
-126,53,68
-126,100,64
-127,15,66
-127,21,62
-127,36,100
-127,86,50
-127,116,66
-127,154,50
-129,21,116
-129,124,80
-129,153,100
-130,148,60
-131,93,64
-131,107,68
-131,132,62
-132,18,62
-132,56,54
-133,67,68
-133,74,52
-133,133,60
-134,19,60
-134,75,88
-134,102,88
-135,35,116
-135,40,68
-135,122,62
-136,99,80
-137,91,86
-137,151,62
-138,87,70
-138,165,56
-139,13,67
-139,33,102
-139,64,100
-139,123,100
-139,140,52
-140,15,58
-140,105,56
-140,116,112
-140,122,80
-141,58,100
-141,100,84
-142,1,50
-142,116,60
-143,32,70
-143,48,90
-143,51,60
-143,110,95
-143,119,60
-144,11,56
-144,102,68
-144,118,60
-144,132,76
-144,140,92
-145,71,50
-146,105,60
-147,4,62
-147,130,50
-147,148,90
-148,70,50
-148,93,82
-148,164,53
-149,91,106
-149,153,70
-150,5,100
-150,73,50
-150,136,62
-150,140,75
-150,147,64
-150,159,64
-151,31,75
-151,33,76
-151,93,90
-151,109,64
-152,8,56
-152,44,58
-152,101,60
-152,102,68
-152,112,81
-152,133,76
-152,153,66
-153,66,80
-153,76,50
-153,144,80
-154,18,63
-154,29,101
-154,73,54
-154,98,80
-154,118,100
-154,120,76
-155,64,60
-155,92,58
-155,109,54
-155,163,60
-156,65,52
-156,76,58
-156,126,56
-157,127,80
-158,78,68
-158,97,64
-158,107,50
-158,125,83
-158,141,52
-159,79,62
-160,75,104
-160,86,66
-160,119,71
-160,145,66
-160,146,80
-160,152,108
-161,29,74
-161,78,52
-161,79,60
-161,97,75
-161,120,116
-161,166,96
-162,27,60
-162,83,58
-162,122,87
-162,137,80
-162,157,52
-163,87,50
-163,165,50
-164,10,60
-164,37,60
-164,46,90
-164,111,112
-166,30,84
-166,116,68
-166,117,50
-167,13,102
-167,16,102
-167,66,118
-167,103,52
-167,151,52
-167,157,75
-168,91,80
-168,125,60
-168,147,72
-169,111,112
-170,47,100
-170,112,56
-171,92,64
-171,111,90
-171,161,76
-172,84,60
-172,96,108
-173,15,66
-173,110,88
-173,126,56
-174,48,90
-174,110,74
-175,124,56
-176,8,101
-176,17,94
-176,22,61
-176,92,94
-176,99,60
-176,111,75
-176,121,68
-176,135,65
-177,20,50
-177,86,56
-177,100,68
-178,28,54
-178,83,76
-178,99,67
-178,104,75
-178,110,58
-178,116,80
-179,3,106
-179,13,100
-180,29,92
-180,122,76
-182,86,63
-183,0,52
-183,5,104
-183,60,96
-183,72,80
-183,85,51
-183,151,100
-184,33,52
-184,97,50
-184,127,80
-185,94,52
-185,135,65
-186,64,100
-186,70,76
-186,80,52
-186,91,75
-186,106,106
-186,168,53
-187,152,92
-188,36,100
-188,122,60
-188,159,50
-189,61,78
-189,144,53
-190,2,90
-190,32,60
-190,67,63
-190,118,50
-190,127,64
-190,146,80
-191,82,64
-191,138,80
-192,36,72
-192,79,95
-192,128,70
-192,133,79
-193,38,60
-193,138,62
-193,153,59
-194,30,103
-194,80,62
-194,155,112
-195,133,113
-195,134,112
-196,20,80
-196,58,56
-196,89,84
-196,90,52
-196,129,80
-196,134,92
-196,142,52
-196,168,77
-197,17,60
-197,155,64
-198,130,98
-199,130,60
-200,77,64
-200,100,60
-200,104,65
-200,154,50
-200,170,71
-201,40,72
-201,130,75
-202,94,103
-202,166,81
-203,70,67
-203,170,60
-204,120,110
-206,23,57
-206,29,100
-206,71,100
-207,84,100
-207,87,108
-207,88,84
-207,155,69
-208,3,52
-208,15,106
-208,114,60
-208,145,56
-209,64,86
-210,11,72
-210,49,60
-210,145,83
-211,101,80
-211,111,60
-212,7,77
-212,17,86
-212,53,50
-212,88,80
-212,121,106
-212,156,84
-212,160,50
-212,162,57
-212,164,65
-213,64,62
-213,69,56
-213,77,80
-213,110,80
-214,83,60
-215,152,71
-216,35,58
-216,93,51
-216,105,67
-216,110,50
-216,159,60
-217,20,90
-217,81,78
-217,99,58
-217,107,60
-217,154,54
-218,61,52
-218,67,118
-218,113,75
-218,147,84
-219,46,60
-219,81,52
-219,100,79
-220,88,52
-220,126,86
-221,6,78
-221,19,64
-221,20,52
-221,64,66
-221,98,60
-221,130,59
-221,164,88
-222,67,53
-222,124,80
-222,127,50
-223,0,64
-223,25,51
-223,59,68
-223,67,50
-223,83,50
-223,88,80
-224,29,90
-224,130,104
-224,169,60
-225,22,84
-225,81,52
-225,125,102
-225,144,50
-226,9,80
-226,67,86
-226,142,92
-226,168,92
-228,19,84
-228,114,52
-228,128,102
-229,135,116
-230,22,69
-230,23,52
-230,90,84
-230,124,84
-232,6,88
-232,61,101
-232,66,60
-232,105,60
-233,59,82
-233,69,116
-233,75,96
-233,89,56
-233,125,50
-233,132,60
-233,165,74
-234,135,76
-234,138,101
-235,135,50
-235,149,77
-236,12,71
-236,49,52
-236,105,72
-237,50,52
-237,63,62
-237,73,60
-237,78,76
-237,142,50
-238,51,50
-238,129,55
-238,141,80
-239,110,58
-239,115,52
-239,154,82
-240,5,98
-240,81,75
-240,102,73
-240,170,60
-241,11,110
-241,33,86
-241,43,60
-241,156,100
-242,7,76
-242,14,99
-242,29,60
-242,114,106
-243,89,50
-243,93,56
-243,136,56
-243,146,100
-244,25,62
-244,31,75
-244,39,51
-244,73,50
-244,119,82
-244,154,76
-245,3,100
-245,48,60
-245,68,50
-246,39,77
-246,56,100
-246,90,68
-247,80,90
-247,162,108
-248,69,58
-248,99,80
-249,93,64
-249,109,100
-249,123,96
-249,167,90
-250,34,52
-250,155,60
-251,70,93
-252,42,60
-252,66,109
-252,79,80
-252,87,50
-252,155,50
-253,10,56
-253,43,60
-253,50,50
-253,123,89
-253,135,110
-254,19,110
-254,75,78
-254,98,52
-254,142,70
-254,146,58
-255,36,104
-255,110,60
-256,2,66
-256,13,118
-256,57,60
-256,62,72
-256,71,55
-256,102,88
-256,130,80
-257,9,60
-257,38,56
-257,127,88
-257,145,58
-257,149,94
-257,168,54
-258,22,58
-258,109,106
-258,143,116
-259,22,56
-259,52,80
-259,73,74
-259,96,87
-259,99,74
-259,156,60
-260,5,50
-260,10,54
-260,18,76
-260,48,50
-260,63,90
-260,83,64
-261,92,54
-262,34,62
-262,67,62
-262,136,64
-262,151,61
-262,156,70
-263,19,77
-263,25,52
-263,38,83
-263,87,50
-263,128,50
-263,144,76
-263,148,50
-264,20,50
-264,47,114
-264,74,72
-264,123,68
-265,9,106
-265,31,84
-265,71,50
-265,85,91
-265,168,71
-266,0,66
-266,18,60
-266,25,60
-266,28,60
-266,69,56
-266,83,62
-266,128,79
-266,164,57
-267,19,80
-267,30,65
-267,49,60
-267,84,74
-267,122,80
-267,133,90
-267,165,118
-268,24,50
-268,64,78
-268,124,60
-268,133,79
-268,150,92
-268,153,60
-269,6,50
-269,144,72
-270,26,80
-270,124,52
-270,133,69
-270,140,80
-270,148,80
-270,149,62
-271,10,61
-271,15,80
-271,65,80
-271,88,60
-271,168,84
-272,21,72
-272,40,60
-272,126,80
-272,127,64
-272,145,60
-272,168,80
-273,15,51
-274,1,50
-274,11,88
-275,60,66
-275,110,74
-275,112,90
-275,113,116
-275,117,64
-275,149,66
-275,151,58
-275,169,50
-276,7,108
-276,12,70
-276,90,60
-276,102,52
-277,1,60
-277,64,58
-277,126,60
-278,49,66
-278,84,60
-278,126,100
-278,141,91
-278,146,50
-279,29,118
-279,55,93
-279,85,62
-279,121,64
-279,135,50
-279,170,52
-280,2,82
-280,8,104
-280,9,54
-280,24,80
-280,27,80
-280,33,117
-280,44,72
-280,50,100
-280,150,100
-280,158,112
-281,21,60
-281,37,60
-281,50,59
-281,65,60
-282,20,106
-282,27,64
-282,131,80
-283,3,60
-283,9,60
-283,43,108
-283,67,60
-283,89,67
-283,121,82
-284,136,90
-285,23,84
-285,24,82
-285,76,80
-285,78,112
-285,130,54
-286,0,64
-286,19,60
-286,23,60
-286,29,56
-286,53,50
-286,147,91
-287,40,80
-287,50,64
-287,60,116
-287,89,67
-288,29,69
-288,61,50
-288,84,50
-288,106,56
-288,134,50
-289,150,100
-290,5,60
-290,116,70
-290,146,80
-290,147,96
-291,94,68
-291,105,52
-291,113,60
-292,10,74
-292,57,63
-292,65,61
-292,97,68
-292,110,88
-292,147,64
-292,169,50
-293,18,103
-293,20,56
-293,21,72
-293,27,60
-293,49,60
-293,51,80
-293,72,98
-293,118,80
-293,120,60
-293,145,60
-294,14,62
-294,97,92
-294,108,68
-294,150,72
-294,157,80
-294,166,80
-295,17,50
-295,71,80
-295,124,70
-295,140,80
-295,148,56
-295,161,63
-296,44,92
-296,68,56
-296,73,66
-296,86,74
-296,106,60
-296,107,95
-296,115,60
-296,118,52
-296,153,56
-297,37,82
-297,51,64
-297,86,60
-297,102,64
-297,111,64
-297,120,60
-297,149,56
-298,9,54
-298,14,68
-298,38,70
-298,51,87
-298,53,50
-298,92,60
-298,99,71
-298,117,61
-298,129,56
-298,156,75
-299,0,62
-299,7,50
-299,68,90
-299,81,64
-299,115,56
-299,142,68
-299,167,50
-300,9,98
-300,17,65
-300,109,100
-300,127,112
-300,165,74
-301,3,75
-301,119,100
-302,58,72
-302,86,90
-302,111,72
-302,125,60
-302,144,56
-302,163,112
-303,29,83
-303,33,90
-303,40,90
-303,66,50
-303,71,63
-303,73,60
-303,154,88
-303,156,77
-303,168,100
-304,43,99
-304,66,58
-304,121,81
-304,148,60
-305,16,58
-305,18,50
-305,49,66
-305,67,52
-305,79,62
-305,91,52
-305,127,50
-306,27,50
-306,32,80
-306,65,50
-306,119,112
-306,126,56
-306,134,52
-307,2,59
-307,7,50
-307,40,62
-307,105,53
-307,107,51
-307,166,88
-308,1,95
-308,4,60
-308,79,80
-308,101,60
-308,121,50
-308,155,91
-308,165,75
-309,38,75
-309,40,66
-309,68,50
-309,112,61
-309,119,51
-309,138,84
-309,156,75
-309,157,58
-310,67,50
-310,73,94
-310,122,74
-310,131,84
-310,150,55
-310,164,54
-311,54,68
-311,60,56
-311,64,64
-311,72,50
-311,95,95
-311,107,80
-311,108,94
-311,121,75
-312,56,92
-312,103,50
-312,127,54
-313,43,60
-313,61,70
-313,80,60
-313,83,61
-313,148,63
-314,5,82
-314,106,60
-314,109,83
-314,120,93
-314,124,56
-314,142,53
-315,20,54
-315,74,106
-315,91,80
-315,94,71
-315,97,52
-315,148,54
-316,103,68
-316,104,80
-316,149,66
-317,63,116
-317,76,92
-317,86,94
-317,91,60
-317,121,50
-317,127,65
-318,67,100
-318,73,80
-318,82,59
-318,97,68
-318,109,92
-318,120,80
-318,123,78
-319,29,89
-319,51,80
-319,75,66
-319,83,80
-319,129,88
-320,14,82
-320,33,56
-320,81,50
-320,107,100
-321,0,56
-321,13,60
-321,30,75
-321,44,88
-321,56,69
-321,78,102
-321,112,80
-321,121,70
-321,129,59
-321,169,86
-322,3,60
-322,28,50
-322,41,66
-322,42,84
-322,111,60
-322,122,74
-322,161,64
-323,43,60
-323,76,52
-323,78,80
-323,82,64
-323,89,64
-323,92,72
-323,112,60
-323,149,71
-323,170,64
-324,28,58
-324,62,52
-324,67,53
-324,119,56
-324,125,101
-324,126,56
-325,56,100
-325,63,60
-325,72,50
-325,130,52
-326,44,56
-326,89,80
-326,109,71
-326,129,54
-326,143,108
-326,150,72
-326,152,52
-326,168,100
-326,170,56
-327,45,68
-327,54,62
-327,69,108
-327,76,90
-327,113,108
-327,138,103
-328,63,60
-328,70,65
-328,96,78
-328,123,54
-329,25,68
-329,49,50
-329,51,97
-330,55,73
-330,106,76
-330,169,72
-331,41,55
-331,60,75
-331,62,50
-331,100,50
-331,105,102
-332,39,86
-332,54,54
-332,73,69
-332,76,58
-332,104,63
-332,107,53
-333,55,52
-333,57,52
-333,68,60
-333,83,92
-333,100,65
-333,107,75
-333,110,84
-333,112,80
-333,127,87
-333,154,90
-333,156,100
-334,46,80
-334,55,80
-334,149,51
-334,157,75
-335,82,53
-335,83,60
-335,126,75
-335,131,90
-335,152,58
-335,169,50
-336,63,76
-336,66,58
-336,72,100
-336,120,50
-336,122,60
-336,123,56
-336,134,80
-337,7,73
-337,20,82
-337,119,65
-337,127,69
-337,134,80
-338,41,110
-338,46,64
-338,55,110
-338,59,50
-338,64,85
-338,76,60
-338,85,91
-338,114,72
-338,129,80
-338,142,70
-339,24,50
-339,57,50
-339,63,87
-339,103,51
-339,129,50
-339,150,66
-339,158,60
-340,62,52
-340,63,62
-340,106,52
-340,122,72
-340,154,62
-340,160,60
-340,162,54
-341,6,95
-341,25,80
-341,34,72
-341,51,86
-341,71,100
-341,125,54
-341,126,50
-341,138,75
-341,140,60
-341,143,71
-341,151,60
-341,155,80
-341,158,80
-341,170,50
-342,52,80
-342,66,60
-342,117,60
-342,126,55
-342,143,80
-342,164,80
-343,85,80
-343,116,88
-343,130,64
-343,150,78
-343,160,52
-343,166,64
-344,7,80
-344,48,90
-344,99,84
-344,102,108
-344,105,104
-344,112,52
-344,113,61
-344,116,108
-345,41,75
-345,113,58
-345,116,70
-345,126,106
-345,132,50
-345,146,104
-345,147,84
-345,149,70
-345,162,78
-346,28,69
-346,41,50
-346,65,56
-346,70,61
-346,78,76
-346,89,80
-346,94,60
-346,113,54
-346,152,76
-347,1,80
-347,2,103
-347,64,60
-347,114,72
-347,135,75
-348,3,90
-348,16,97
-348,39,112
-348,41,50
-348,91,75
-348,93,64
-348,120,79
-348,128,60
-349,59,109
-349,68,64
-349,80,56
-349,83,94
-349,104,54
-349,116,82
-350,62,52
-350,101,57
-350,107,68
-350,115,64
-350,117,58
-350,126,60
-350,159,52
-351,68,52
-351,81,100
-351,98,100
-351,126,80
-352,16,76
-352,28,52
-352,32,58
-352,37,84
-352,51,66
-352,55,75
-352,56,66
-352,74,60
-352,76,93
-352,114,80
-352,122,56
-352,169,66
-353,41,60
-353,113,104
-354,27,60
-354,60,100
-354,78,100
-354,116,50
-354,125,60
-354,160,60
-355,2,50
-355,9,68
-355,74,60
-355,110,104
-355,127,77
-355,146,80
-356,10,72
-356,75,60
-356,80,51
-356,89,56
-356,92,62
-356,97,69
-356,101,90
-357,6,52
-357,16,69
-357,56,50
-357,89,60
-357,122,54
-357,143,100
-357,159,91
-357,166,66
-358,0,70
-358,83,60
-358,100,59
-358,101,84
-359,49,72
-359,55,90
-359,71,60
-359,73,100
-359,78,90
-359,116,96
-359,127,50
-359,158,50
-359,168,80
-360,57,90
-360,71,90
-360,122,75
-361,28,81
-361,50,68
-361,52,88
-361,65,72
-361,100,100
-361,157,116
-362,1,50
-362,41,75
-362,69,80
-362,77,98
-362,111,100
-363,65,106
-363,68,80
-363,74,70
-363,104,52
-363,135,50
-363,137,100
-363,148,106
-363,159,62
-364,18,50
-364,87,100
-364,113,60
-364,114,82
-365,32,52
-365,80,60
-365,106,54
-365,146,73
-366,1,60
-366,4,70
-366,74,52
-366,87,100
-366,96,60
-366,101,70
-366,134,93
-366,135,66
-367,1,52
-367,4,86
-367,32,50
-367,65,80
-367,126,60
-368,4,110
-368,14,96
-368,17,75
-368,22,56
-368,36,60
-368,48,60
-368,52,80
-368,57,60
-368,100,84
-368,121,57
-368,123,70
-369,122,50
-370,5,80
-370,38,64
-370,56,52
-370,66,100
-370,134,84
-370,159,88
-370,162,100
-371,41,58
-371,54,106
-371,58,80
-371,81,60
-371,85,80
-371,88,69
-371,95,60
-371,100,106
-371,121,80
-372,56,52
-372,63,62
-372,67,87
-372,68,50
-372,72,64
-372,73,58
-372,108,64
-373,5,57
-373,98,77
-373,117,110
-373,121,79
-373,122,83
-374,43,60
-374,84,90
-374,90,94
-374,95,60
-375,51,53
-375,67,55
-375,73,98
-375,81,75
-375,91,80
-375,94,78
-375,121,74
-376,70,100
-376,77,76
-376,124,50
-377,0,88
-377,3,66
-377,48,100
-377,71,88
-377,85,54
-378,20,60
-378,41,60
-378,74,76
-378,113,60
-378,132,53
-379,93,62
-379,105,78
-379,112,83
-379,117,66
-379,140,64
-380,4,104
-380,5,50
-380,24,100
-380,77,80
-380,79,50
-380,90,88
-380,114,64
-380,127,100
-381,24,60
-381,55,74
-381,82,64
-381,88,51
-381,117,52
-381,130,53
-381,155,78
-382,1,66
-382,14,59
-382,115,100
-382,117,78
-382,120,60
-382,138,84
-383,4,50
-383,8,66
-383,29,80
-383,70,100
-383,89,50
-383,102,78
-383,112,90
-383,150,50
-383,151,108
-384,20,51
-384,70,60
-384,92,50
-384,94,62
-384,128,66
-384,134,60
-384,136,80
-384,168,56
-385,22,104
-385,57,75
-385,68,84
-385,75,60
-385,89,60
-385,92,52
-385,119,68
-385,121,72
-385,123,62
-386,2,60
-386,54,60
-386,88,56
-386,109,72
-387,9,61
-387,45,80
-387,80,60
-387,81,62
-387,92,53
-387,95,67
-387,115,74
-387,137,70
-387,162,60
-388,23,107
-388,57,100
-388,74,50
-389,13,105
-389,37,50
-389,96,100
-389,122,54
-389,132,80
-390,15,62
-390,17,60
-390,66,62
-390,88,60
-390,96,78
-390,105,98
-390,122,50
-391,14,55
-391,93,104
-391,94,52
-391,150,64
-392,6,80
-392,17,118
-392,46,80
-392,76,82
-392,77,50
-392,152,64
-392,153,60
-393,17,56
-393,59,114
-393,61,87
-393,64,72
-393,105,70
-393,117,80
-393,133,90
-394,5,60
-394,20,80
-394,109,61
-394,128,58
-394,155,64
-395,74,80
-395,153,82
-396,3,50
-396,53,53
-396,79,50
-396,85,60
-396,97,108
-396,110,55
-397,1,80
-397,71,52
-397,119,52
-397,131,50
-397,148,60
-398,21,88
-398,163,60
-399,55,54
-399,56,80
-399,91,86
-399,119,81
-399,131,60
-400,1,54
-400,24,50
-400,28,100
-400,60,60
-400,75,68
-400,86,72
-400,102,60
-400,105,110
-400,106,100
-400,111,70
-400,112,75
-400,119,52
-400,131,50
-400,132,75
-400,156,90
-401,2,58
-401,38,54
-401,102,70
-401,113,56
-402,39,50
-402,41,56
-402,42,100
-402,101,70
-402,104,90
-402,111,66
-402,131,60
-403,0,74
-403,1,80
-403,111,68
-403,114,100
-404,0,106
-404,13,100
-404,80,50
-404,87,68
-405,25,80
-405,99,54
-405,102,83
-405,128,63
-406,48,52
-406,76,50
-406,95,60
-406,118,77
-406,136,84
-407,27,88
-407,74,60
-407,77,58
-407,98,89
-407,103,60
-407,129,100
-407,158,60
-408,79,102
-408,99,76
-409,72,90
-409,84,60
-409,123,59
-410,80,64
-410,120,58
-410,131,60
-410,152,60
-411,1,54
-411,3,64
-411,62,60
-411,92,60
-411,111,62
-411,131,84
-412,87,63
-412,158,80
-413,20,56
-413,74,56
-413,78,56
-413,116,66
-413,120,55
-413,135,51
-414,63,50
-414,65,116
-414,71,58
-415,23,70
-415,56,60
-415,77,50
-415,102,60
-415,134,76
-416,24,60
-416,38,88
-416,64,90
-416,70,68
-416,113,50
-416,127,52
-416,131,60
-416,140,116
-416,150,60
-417,83,89
-417,116,60
-417,152,62
-417,160,100
-418,45,60
-418,72,52
-418,117,113
-418,119,64
-418,129,52
-419,33,62
-419,76,64
-419,115,58
-419,119,72
-419,135,72
-420,26,80
-420,74,86
-420,92,60
-420,112,80
-420,146,88
-420,147,90
-420,153,66
-420,167,96
-421,35,61
-421,100,90
-421,101,84
-422,87,53
-422,101,104
-422,108,60
-422,113,60
-422,141,50
-422,157,54
-423,45,96
-423,81,62
-423,82,64
-423,85,80
-423,113,64
-423,116,60
-423,117,50
-423,126,64
-423,148,50
-424,50,64
-424,121,50
-424,139,58
-424,157,116
-425,17,104
-425,30,60
-425,66,56
-425,106,60
-425,122,50
-426,85,50
-426,102,60
-426,106,68
-426,115,72
-426,148,90
-426,168,54
-427,4,108
-427,41,70
-427,45,73
-427,74,75
-427,88,66
-427,119,60
-428,41,55
-428,103,60
-428,111,54
-428,165,68
-429,5,62
-429,39,60
-429,51,54
-429,62,50
-429,76,55
-429,86,65
-429,87,80
-429,94,60
-429,136,51
-429,164,60
-430,133,90
-431,42,89
-431,90,75
-431,91,50
-431,117,90
-431,127,66
-432,83,74
-432,91,80
-432,128,53
-432,134,71
-433,25,54
-433,47,80
-433,63,98
-433,89,83
-433,94,54
-433,108,68
-433,124,103
-433,169,98
-434,3,63
-434,82,61
-434,85,90
-434,88,60
-434,94,86
-434,123,96
-434,141,50
-434,147,72
-434,152,82
-435,102,86
-435,168,60
-436,50,96
-436,101,84
-437,35,50
-437,90,60
-437,96,79
-437,124,54
-437,133,100
-437,166,55
-438,95,87
-438,102,105
-438,126,64
-438,138,96
-438,142,88
-438,155,102
-438,163,76
-439,58,103
-439,87,89
-439,121,98
-439,164,52
-440,8,54
-440,52,75
-440,62,102
-440,85,84
-440,100,85
-440,102,81
-440,135,60
-441,19,59
-441,67,51
-441,99,100
-441,142,54
-441,164,50
-442,106,94
-442,126,100
-442,132,68
-443,59,80
-443,86,64
-443,113,66
-443,114,64
-443,115,53
-443,127,100
-443,133,73
-443,149,54
-444,50,60
-444,59,60
-444,82,80
-444,86,84
-444,93,72
-444,99,60
-444,105,50
-444,113,60
-444,123,106
-445,35,50
-445,43,55
-445,56,75
-445,96,50
-445,102,88
-445,108,66
-445,120,84
-445,123,94
-446,12,86
-446,14,90
-446,22,80
-446,28,67
-446,29,100
-446,30,60
-446,60,60
-446,69,86
-446,99,65
-446,102,74
-446,109,50
-446,114,54
-446,159,100
-447,10,72
-447,98,75
-447,115,62
-447,140,75
-447,148,81
-448,16,110
-448,55,90
-448,67,50
-448,107,60
-448,108,100
-448,136,100
-448,147,80
-448,161,75
-448,168,55
-449,67,52
-449,68,98
-449,88,100
-449,119,102
-449,123,96
-449,137,62
-449,140,104
-449,144,76
-450,30,60
-450,38,52
-450,43,68
-450,81,77
-450,85,60
-450,89,65
-450,123,50
-450,135,58
-450,137,60
-450,165,80
-451,120,58
-451,138,63
-451,140,50
-452,87,99
-452,102,117
-452,116,52
-452,125,83
-453,7,60
-453,45,53
-453,94,53
-453,121,51
-453,150,68
-454,13,56
-454,90,60
-454,119,50
-454,149,50
-455,52,64
-455,79,65
-455,120,62
-455,121,64
-456,5,53
-456,7,55
-456,17,116
-456,28,90
-456,98,50
-456,118,80
-456,125,57
-457,4,69
-457,109,68
-457,132,102
-458,20,90
-458,22,60
-458,115,78
-458,137,68
-458,138,86
-458,169,60
-459,62,100
-459,100,62
-459,109,100
-459,119,60
-459,122,63
-459,129,50
-459,162,64
-460,99,66
-460,122,90
-460,140,90
-460,141,94
-461,24,80
-461,41,80
-461,52,112
-461,102,78
-461,111,60
-461,135,76
-461,152,84
-461,169,65
-462,55,65
-462,152,61
-463,123,57
-463,133,79
-464,0,56
-464,8,60
-464,24,109
-464,93,55
-464,96,80
-464,118,60
-464,121,74
-464,160,72
-464,161,60
-464,170,80
-465,72,75
-465,100,84
-465,116,100
-466,95,61
-466,98,56
-466,118,82
-466,121,92
-466,131,52
-467,98,110
-467,133,55
-467,136,80
-467,138,64
-467,148,75
-467,152,75
-467,155,110
-467,159,50
-468,63,51
-468,144,74
-469,120,80
-469,127,74
-469,128,70
-469,133,60
-469,139,56
-469,159,52
-469,160,50
-470,55,52
-470,68,87
-470,82,60
-470,104,76
-470,134,60
-470,137,50
-470,144,87
-470,168,80
-471,65,60
-471,110,76
-471,113,56
-471,153,118
-471,162,65
-472,8,51
-472,11,60
-472,23,64
-472,54,100
-472,57,80
-472,75,80
-472,142,100
-473,47,58
-473,106,60
-473,145,65
-474,88,60
-474,129,80
-474,163,80
-475,158,64
-476,20,63
-476,24,66
-476,78,62
-476,96,53
-476,110,60
-476,114,68
-476,137,80
-476,170,80
-477,78,55
-477,97,60
-477,100,75
-477,126,50
-477,166,60
-478,55,91
-478,96,107
-478,104,80
-478,118,62
-478,119,94
-478,124,96
-478,132,100
-479,36,83
-479,39,83
-479,40,86
-479,71,88
-479,81,88
-479,99,98
-479,121,52
-479,138,115
-479,146,75
-479,150,60
-480,32,54
-480,34,91
-480,40,60
-480,98,57
-480,104,64
-480,106,77
-480,118,60
-480,152,53
-480,170,60
-481,19,56
-481,99,96
-481,125,55
-481,129,58
-482,12,75
-482,93,54
-482,127,60
-482,137,76
-482,157,90
-483,55,62
-483,89,90
-483,135,52
-483,139,100
-483,140,80
-484,24,50
-484,35,50
-484,69,70
-484,79,63
-484,127,60
-484,129,60
-485,58,112
-485,99,90
-485,105,74
-485,136,68
-485,139,54
-486,3,60
-486,58,60
-486,97,75
-486,119,51
-487,40,85
-487,83,60
-487,121,100
-488,21,112
-488,40,56
-488,74,50
-488,100,72
-488,116,53
-488,167,64
-489,139,78
-489,153,75
-490,110,80
-490,111,70
-490,119,60
-490,131,112
-491,106,100
-491,120,100
-491,155,60
-492,85,92
-492,86,102
-492,97,51
-492,115,63
-492,119,65
-493,79,84
-493,133,65
-494,71,80
-494,79,73
-494,112,75
-494,119,50
-494,121,52
-494,125,56
-494,126,60
-494,139,63
-494,156,80
-495,0,101
-495,74,56
-495,77,50
-495,104,56
-495,105,56
-495,115,114
-495,119,108
-495,125,50
-495,137,60
-495,154,80
-496,80,85
-496,103,52
-496,105,58
-496,106,54
-496,149,86
-497,83,52
-497,112,60
-497,124,60
-497,142,50
-498,101,53
-498,106,112
-498,146,54
-499,23,64
-499,49,105
-499,112,95
-499,116,75
-499,117,86
-499,123,50
-499,157,69
-500,27,114
-500,111,61
-500,112,88
-500,132,80
-1,-15,100
-2,-36,50
-3,-35,100
-11,-18,50
-11,-30,50
-13,-15,83
-14,-16,64
-14,-31,61
-18,-30,72
-28,-3,50
-31,-25,116
-32,-38,70
-41,-26,56
-43,-36,54
-44,-9,50
-47,-34,108
-51,-16,50
-54,-31,60
-57,-2,52
-60,-37,78
-61,-34,-50
-62,-23,52
-64,-30,-96
-65,-12,52
-65,-37,-56
-66,-10,72
-68,-17,54
-71,-22,50
-77,-36,60
-78,-4,52
-81,-26,50
-83,-2,106
-84,-17,50
-89,-18,52
-91,-26,52
-92,-19,80
-93,-31,60
-93,-34,66
-95,-1,86
-96,-39,106
-97,-17,100
-98,-30,52
-100,-33,82
-101,-38,50
-106,-5,54
-106,-9,52
-106,-23,56
-108,-8,88
-114,-30,50
-115,-25,79
-116,-29,50
-119,-18,62
-119,-37,50
-120,-6,95
-124,-30,50
-126,-24,104
-127,-14,53
-130,-16,76
-131,-31,83
-132,-25,72
-132,-32,53
-136,-16,62
-137,-15,98
-137,-35,56
-139,-9,60
-139,-21,62
-141,-13,50
-141,-29,50
-141,-31,111
-142,-12,100
-144,-18,80
-145,-16,58
-145,-36,54
-146,-14,50
-148,-14,64
-149,-16,96
-150,-14,50
-152,-23,88
-153,-11,72
-153,-23,116
-155,-5,50
-162,-29,100
-163,-33,62
-163,-35,102
-167,-12,51
-169,-14,108
-170,-30,84
-177,-27,58
-177,-29,92
-180,-9,52
-183,-14,56
-183,-29,60
-185,-19,64
-185,-27,86
-186,-21,108
-186,-32,52
-187,-2,66
-189,-32,52
-191,-21,82
-193,-25,82
-194,-13,78
-195,-10,62
-195,-14,92
-195,-33,100
-198,-27,79
-198,-34,52
-199,-7,60
-200,-28,50
-205,-16,60
-206,-34,60
-207,-23,54
-210,-5,62
-213,-20,70
-213,-31,75
-215,-5,68
-216,-4,70
-217,-9,56
-219,-8,71
-220,-15,65
-223,-10,70
-228,-28,53
-232,-1,62
-234,-21,60
-235,-12,80
-236,-16,50
-237,-7,90
-238,-22,110
-239,-23,54
-243,-21,64
-245,-12,77
-246,-5,50
-247,-22,64
-250,-24,66
-251,-2,50
-251,-3,52
-252,-24,54
-253,-36,82
-256,-10,52
-256,-16,50
-258,-6,56
-259,-4,100
-259,-10,60
-260,-3,100
-260,-10,56
-266,-10,90
-267,-20,92
-268,-23,81
-269,-8,52
-269,-25,100
-271,-18,52
-271,-20,50
-271,-27,60
-272,-6,66
-273,-14,112
-273,-20,90
-274,-23,112
-276,-19,60
-277,-23,106
-280,-6,64
-281,-17,116
-282,-7,96
-282,-11,63
-283,-22,104
-284,-20,60
-286,-22,55
-287,-11,54
-287,-39,85
-292,-21,60
-292,-29,60
-292,-31,82
-294,-7,60
-295,-22,111
-298,-3,62
-298,-11,112
-301,-25,93
-301,-38,50
-302,-22,59
-302,-38,66
-303,-12,68
-304,-11,60
-306,-37,60
-309,-3,80
-309,-24,56
-312,-9,50
-312,-22,75
-313,-9,50
-313,-26,108
-315,-11,84
-315,-39,60
-316,-22,80
-317,-11,52
-317,-36,60
-319,-25,80
-319,-26,108
-319,-34,50
-320,-10,92
-320,-20,54
-322,-32,80
-323,-20,65
-323,-28,102
-324,-2,77
-324,-4,116
-324,-15,112
-324,-16,93
-324,-20,60
-325,-16,112
-326,-6,79
-326,-23,54
-328,-9,100
-328,-20,80
-328,-28,80
-331,-2,78
-332,-26,112
-334,-4,70
-335,-5,80
-335,-14,60
-336,-10,56
-337,-15,54
-338,-18,55
-338,-25,78
-338,-31,106
-339,-11,70
-339,-12,50
-339,-14,55
-342,-6,50
-342,-15,50
-343,-10,50
-344,-18,57
-345,-18,82
-345,-37,74
-347,-11,60
-347,-13,54
-348,-31,84
-350,-9,56
-351,-10,74
-351,-21,53
-352,-17,95
-357,-2,53
-360,-19,64
-363,-4,88
-363,-28,89
-363,-31,70
-364,-28,57
-364,-30,62
-365,-31,100
-366,-8,57
-366,-10,68
-366,-37,60
-367,-14,58
-367,-39,60
-368,-36,64
-369,-16,50
-371,-38,100
-372,-11,73
-374,-30,50
-376,-7,60
-376,-24,64
-377,-11,60
-380,-11,63
-381,-14,72
-381,-21,60
-382,-6,90
-382,-14,56
-387,-21,80
-387,-28,79
-388,-4,100
-388,-36,64
-389,-26,80
-390,-16,103
-390,-28,60
-392,-33,54
-392,-37,64
-393,-7,64
-393,-21,80
-393,-23,65
-396,-5,75
-399,-39,72
-400,-16,100
-404,-5,50
-408,-10,80
-410,-1,50
-411,-13,100
-413,-7,60
-413,-13,68
-413,-37,62
-414,-5,66
-414,-7,63
-417,-12,52
-418,-16,75
-420,-12,118
-420,-34,69
-421,-38,60
-422,-13,75
-423,-34,58
-424,-28,55
-426,-4,63
-427,-2,62
-432,-18,54
-432,-32,88
-433,-24,80
-433,-35,60
-434,-31,108
-435,-19,100
-440,-4,50
-442,-19,116
-445,-35,114
-446,-19,60
-446,-22,54
-447,-21,52
-448,-32,50
-449,-27,74
-452,-1,62
-454,-10,50
-455,-34,82
-456,-4,92
-457,-30,68
-457,-38,60
-460,-11,70
-460,-25,92
-466,-7,84
-472,-7,68
-474,-1,81
-475,-1,52
-477,-37,50
-484,-11,70
-491,-10,50
-494,-14,80
-495,-10,80
-497,-5,90
-499,-13,50
-10,-36,304
-22,-22,154
-33,-37,182
-42,-11,160
-46,-21,326
-86,-33,404
-93,-22,150
-96,-8,208
-129,-23,172
-133,-15,150
-133,-32,220
-147,-36,167
-164,-14,128
-169,-8,136
-174,-21,600
-178,-35,132
-194,-31,406
-200,-22,120
-203,-28,204
-207,-10,200
-210,-19,124
-211,-7,135
-213,-1,138
-217,-3,157
-223,-8,200
-227,-17,300
-234,-20,628
-240,-8,120
-242,-8,150
-244,-3,170
-247,-21,600
-253,-30,166
-257,-11,132
-257,-19,240
-261,-25,202
-262,-29,178
-264,-6,160
-265,-8,120
-267,-22,142
-271,-32,300
-275,-25,162
-276,-9,433
-277,-22,150
-283,-25,160
-284,-17,152
-287,-6,204
-289,-34,180
-294,-33,150
-298,-23,120
-298,-37,120
-302,-10,216
-314,-26,158
-314,-30,154
-315,-27,303
-315,-32,400
-316,-14,160
-330,-14,212
-332,-30,150
-336,-25,120
-336,-29,208
-340,-10,120
-345,-23,126
-350,-20,300
-354,-26,128
-360,-14,300
-366,-20,208
-368,-14,132
-370,-31,229
-378,-16,412
-378,-20,120
-379,-18,122
-379,-31,158
-381,-7,309
-381,-13,150
-381,-37,166
-382,-28,200
-384,-8,300
-384,-28,150
-395,-20,233
-396,-12,160
-397,-7,120
-402,-14,200
-411,-5,670
-411,-35,200
-413,-5,152
-413,-10,490
-415,-5,128
-418,-36,134
-423,-5,200
-425,-16,200
-428,-12,308
-439,-32,209
-444,-5,225
-455,-14,300
-457,-14,450
-459,-11,120
-462,-6,200
-463,-29,200
-466,-1,208
-495,-7,440
-497,-16,260
-499,-19,308
-2,99,141
-2,104,202
-3,58,228
-6,62,154
-8,144,120
-15,169,200
-16,73,200
-16,159,150
-17,160,150
-19,143,128
-20,63,138
-23,151,400
-24,136,156
-24,148,212
-28,80,150
-28,137,202
-29,165,150
-34,124,400
-35,108,200
-37,32,229
-37,72,221
-37,126,150
-38,90,237
-42,133,214
-42,135,200
-43,135,124
-43,153,362
-52,24,206
-52,61,132
-53,35,320
-54,147,165
-55,83,200
-57,54,194
-57,117,121
-57,140,162
-59,149,138
-61,60,160
-62,20,308
-62,74,120
-63,166,150
-64,10,162
-65,24,120
-66,7,120
-69,0,126
-69,25,154
-74,110,166
-74,142,616
-75,55,122
-75,127,160
-75,167,302
-79,144,122
-81,74,150
-81,90,150
-81,156,120
-84,0,200
-84,20,300
-84,87,128
-86,83,122
-86,112,200
-87,16,156
-87,33,412
-90,33,159
-92,130,130
-93,68,156
-93,158,120
-94,121,200
-94,161,150
-95,19,120
-96,146,582
-97,12,452
-98,20,150
-99,45,430
-102,96,306
-102,150,208
-103,56,134
-103,62,120
-103,168,181
-104,137,202
-106,10,120
-107,38,124
-107,167,181
-108,6,132
-109,112,402
-109,161,130
-110,136,312
-112,81,402
-116,133,154
-117,47,150
-118,163,162
-120,36,212
-122,7,171
-122,163,303
-124,8,200
-124,74,236
-124,132,158
-124,146,216
-129,112,208
-131,68,203
-134,163,122
-135,2,308
-138,61,608
-138,122,400
-139,9,156
-139,58,224
-140,70,150
-141,110,150
-143,53,228
-143,133,300
-144,66,136
-144,159,323
-145,3,470
-145,16,200
-145,150,218
-146,62,216
-149,166,203
-149,169,150
-150,31,400
-150,80,120
-152,85,150
-152,105,312
-153,160,640
-153,161,200
-154,167,164
-155,22,160
-156,102,132
-158,3,190
-158,88,125
-159,134,338
-160,92,120
-161,110,172
-163,10,200
-163,161,210
-166,23,208
-166,39,237
-167,68,300
-167,127,204
-168,43,225
-169,7,338
-171,143,208
-172,158,142
-174,64,450
-175,34,150
-176,120,812
-176,166,150
-178,80,400
-179,133,208
-180,96,120
-185,71,318
-186,119,182
-186,157,300
-188,70,200
-190,111,222
-191,2,168
-191,129,300
-193,40,196
-193,149,264
-195,8,170
-196,13,458
-196,139,220
-199,11,206
-199,19,400
-201,89,128
-203,53,138
-203,95,126
-204,156,153
-207,69,120
-208,74,150
-210,157,209
-212,82,150
-213,149,604
-213,150,218
-215,3,300
-215,75,120
-216,162,408
-217,9,281
-217,48,180
-219,4,212
-219,89,200
-220,77,211
-222,98,316
-223,92,150
-224,94,124
-225,14,122
-226,150,120
-227,3,158
-227,15,128
-227,63,120
-228,44,252
-229,10,120
-230,28,168
-230,38,226
-230,68,136
-231,47,212
-231,139,120
-231,153,120
-231,161,225
-232,19,160
-232,27,120
-233,19,120
-233,139,400
-235,3,200
-235,132,166
-235,156,416
-236,66,450
-236,155,166
-237,9,184
-237,59,120
-238,122,300
-239,1,201
-240,71,120
-240,73,200
-240,144,200
-241,17,190
-241,71,450
-242,67,122
-242,117,406
-243,13,144
-243,20,170
-243,110,150
-245,2,139
-245,9,800
-245,26,165
-246,103,120
-246,129,400
-247,68,225
-247,149,162
-250,72,337
-250,84,124
-250,87,150
-250,116,120
-252,60,159
-253,2,233
-254,1,604
-254,33,206
-256,8,200
-256,117,164
-256,137,160
-256,146,177
-257,146,409
-259,30,205
-260,70,130
-260,120,126
-260,149,406
-260,167,316
-261,19,200
-262,73,124
-262,144,150
-262,165,160
-263,20,430
-263,71,300
-263,109,400
-264,14,233
-265,72,400
-265,117,156
-265,151,154
-266,153,305
-266,156,161
-267,39,300
-268,20,160
-268,46,124
-269,68,152
-269,147,215
-272,47,124
-273,97,300
-274,25,150
-277,54,132
-277,136,136
-278,24,304
-278,70,120
-278,128,120
-279,16,200
-279,24,311
-281,140,238
-282,61,308
-282,80,204
-282,161,308
-284,6,218
-284,25,174
-284,33,150
-284,51,184
-284,52,151
-285,7,200
-285,22,154
-285,41,160
-285,126,136
-285,132,140
-285,142,128
-287,92,130
-288,20,409
-289,52,158
-290,32,149
-290,153,120
-291,114,166
-293,44,120
-293,110,150
-294,1,144
-296,29,120
-296,169,410
-297,14,226
-298,100,120
-300,150,450
-301,44,160
-301,114,400
-301,143,120
-301,162,124
-301,164,162
-302,36,150
-303,153,400
-304,152,170
-305,112,130
-305,123,154
-305,126,162
-305,149,168
-305,150,133
-306,36,120
-306,129,176
-306,157,128
-307,72,224
-307,79,150
-307,157,566
-308,76,229
-308,111,200
-309,41,160
-310,79,120
-310,107,300
-312,141,300
-312,156,124
-313,132,120
-316,95,138
-318,95,167
-318,139,190
-318,143,225
-318,151,150
-320,71,204
-320,96,136
-320,143,315
-321,10,160
-321,45,120
-321,120,120
-322,10,225
-322,47,120
-323,41,258
-323,94,158
-323,115,300
-324,91,122
-325,60,166
-325,134,452
-325,147,456
-326,121,120
-326,136,150
-326,138,226
-327,30,162
-327,108,225
-328,151,120
-329,52,120
-329,60,224
-329,116,158
-330,62,300
-330,157,230
-331,135,256
-332,46,200
-332,128,120
-333,106,150
-338,58,150
-338,78,150
-338,106,126
-338,137,150
-339,62,200
-340,124,408
-340,138,160
-340,168,800
-342,44,120
-342,127,308
-342,138,178
-343,18,132
-343,46,120
-343,59,212
-343,70,160
-344,91,320
-344,115,300
-344,161,300
-345,43,160
-345,56,306
-345,123,210
-345,133,160
-345,168,400
-346,48,150
-347,74,120
-347,99,168
-347,103,150
-347,127,200
-348,61,216
-349,87,412
-350,78,130
-350,110,152
-351,119,304
-351,121,197
-351,133,160
-352,48,334
-353,18,168
-353,121,160
-353,144,390
-354,85,160
-356,36,180
-356,62,308
-356,118,166
-357,110,152
-358,77,136
-358,118,136
-359,166,150
-360,35,233
-360,75,160
-362,152,182
-362,162,300
-363,79,200
-364,75,228
-364,80,150
-365,51,120
-365,81,130
-365,91,138
-365,145,160
-368,56,126
-368,86,150
-371,21,120
-371,87,140
-371,145,160
-373,48,178
-373,153,300
-374,63,154
-374,98,200
-374,125,160
-375,98,154
-376,4,150
-376,88,206
-377,6,200
-377,61,130
-378,19,160
-378,77,150
-378,83,136
-378,90,208
-378,148,120
-379,68,230
-379,75,150
-380,72,600
-380,119,150
-382,58,200
-383,75,190
-383,94,150
-384,16,120
-384,82,162
-384,88,220
-384,101,120
-384,108,152
-385,21,160
-385,140,200
-385,156,200
-387,1,120
-387,110,150
-388,94,214
-388,130,184
-389,127,130
-390,71,150
-390,83,152
-390,152,208
-392,63,120
-393,18,170
-393,53,132
-393,63,160
-394,101,120
-394,136,120
-394,150,128
-394,159,150
-395,94,136
-395,111,153
-396,1,604
-396,99,162
-397,112,140
-398,40,120
-399,47,144
-399,50,180
-402,100,150
-402,149,158
-403,34,184
-403,166,200
-404,29,204
-407,29,130
-407,131,120
-408,44,404
-408,107,166
-408,149,132
-409,98,160
-410,30,144
-412,161,220
-413,6,130
-413,28,150
-413,32,210
-414,2,224
-414,68,154
-417,4,152
-417,45,150
-420,16,244
-421,38,132
-422,2,126
-423,105,153
-423,122,132
-425,58,330
-425,149,120
-426,118,150
-427,37,120
-427,127,120
-427,149,124
-428,68,170
-429,37,120
-429,107,144
-429,165,215
-430,126,124
-431,76,150
-434,124,210
-434,164,200
-435,45,300
-435,108,120
-436,135,170
-437,6,120
-437,41,160
-438,50,160
-438,133,302
-441,122,256
-442,51,152
-442,108,300
-443,53,402
-444,118,160
-445,5,200
-445,8,150
-445,55,130
-445,71,126
-445,137,200
-446,62,160
-446,163,225
-446,167,200
-447,141,150
-450,19,200
-450,56,610
-450,121,120
-451,5,120
-452,114,120
-453,4,300
-453,115,168
-454,19,233
-454,103,153
-456,117,316
-458,151,144
-460,151,132
-460,157,174
-462,50,150
-463,156,120
-464,69,120
-464,136,125
-464,165,400
-465,0,140
-466,161,218
-467,55,164
-467,65,202
-468,79,154
-469,58,150
-469,149,187
-470,94,120
-471,56,126
-471,83,310
-472,52,180
-474,139,120
-475,88,160
-475,127,128
-477,36,220
-477,103,124
-478,150,323
-478,165,400
-479,151,201
-480,26,120
-480,160,600
-482,152,182
-484,94,190
-485,63,120
-485,82,215
-486,70,162
-486,108,162
-486,151,168
-486,162,230
-487,138,400
-487,145,160
-488,107,231
-488,109,120
-489,123,120
-490,99,150
-490,107,234
-491,75,160
-491,110,120
-492,83,170
-493,103,300
-493,145,142
-493,165,319
-494,115,127
-494,122,138
-496,40,204
-496,77,210
-496,116,150
-496,133,120
-497,27,263
-497,89,202
-497,114,120
-497,133,122
-498,98,150
-498,124,170
-498,137,150
-499,156,120
-500,83,120
-500,141,166
-500,144,174

-435,147,414

-422,79,16
-372,11,10

-415,100,6
-302,82,20
-298,54,20
-302,52,15
-306,50,8
-316,33,16
-309,9,12
-473,100,16
-404,124,43
-400,125,40
-305,57,16
-311,7,24
-310,-8,18
-346,5,16
-357,4,12
-409,116,12
-406,125,3
-319,4,24
-319,4,24
-323,2,8
-331,3,40
-359,2,14
-403,61,0
-445,91,43
-446,95,24
-452,92,26
-465,94,36
-460,138,48
-414,123,32
-420,118,20
-408,126,8
-376,118,8
-376,118,8
-338,-3,43
-341,-5,18
-380,29,9
-465,91,28
-474,93,26
-431,146,45
-303,82,16
-293,59,18
-313,28,8
-424,99,4

-312,-4,16
-353,-5,24
-373,5,56
-367,27,24
-464,131,24
-460,133,6
-453,140,0
-448,138,16
-431,145,12
-429,148,28
-422,107,0
-420,142,12
-418,116,0
-412,121,4
-408,115,30
-407,126,0
-470,102,22
-478,102,8
-470,102,22
-478,102,8
-396,122,12
-377,117,24
-373,115,12
-369,113,16
-355,105,20
-301,79,18
-302,80,4
-319,5,19
-338,4,60
-345,7,38
-349,7,24
-364,5,4
-373,11,16
-381,30,8
-403,60,0
-402,61,20
-418,70,0
-417,71,30
-426,77,24
-463,91,8
-475,93,40
-474,101,12
-430,146,76
-368,114,44
-357,107,12
-304,55,32
-308,57,9
-314,31,8
-308,10,6
